,run,epoch,loss,accuracy,epoch duration,run duration,lr,batch_size,num_workers,shuffle
0,1,1,0.927253931760788,0.6403166666666666,35.74393558502197,53.17152786254883,0.01,1000,0,True
1,1,2,0.5188514093557993,0.7978333333333333,37.59573984146118,91.22828650474548,0.01,1000,0,True
2,1,3,0.428454527258873,0.8392166666666667,38.03678822517395,129.53659749031067,0.01,1000,0,True
3,1,4,0.37541989733775455,0.8608166666666667,43.3497052192688,173.35983514785767,0.01,1000,0,True
4,1,5,0.33970422943433126,0.8743333333333333,37.10602021217346,210.866849899292,0.01,1000,0,True
