,run,epoch,loss,accuracy,epoch duration,run duration,lr,batch_size,num_workers,shuffle,device
0,1,1,0.9248326808214188,0.6501333333333333,62.053894996643066,69.35288000106812,0.01,1000,0,True,cpu
1,1,2,0.5038876225550969,0.8085333333333333,59.851633071899414,129.52650952339172,0.01,1000,0,True,cpu
2,1,3,0.416354035337766,0.8471,26.284247636795044,156.12875699996948,0.01,1000,0,True,cpu
3,1,4,0.35402051707108817,0.8695166666666667,24.941050052642822,181.39081406593323,0.01,1000,0,True,cpu
4,1,5,0.32709979514280957,0.8808833333333334,25.064579486846924,206.79319024085999,0.01,1000,0,True,cpu
