,run,epoch,loss,accuracy,epoch duration,run duration,lr,batch_size,num_workers,shuffle,device,trainset,network,num_epochs,test_accuracy
0,1,1,1.4815768534317613,0.9924166666666666,28.92809557914734,147.61701226234436,0.01,1000,0,True,cpu,not_normal,no_batch_norm_net,2,0
1,1,2,1.0819741473533213,0.9939833333333333,27.01180672645569,174.8783779144287,0.01,1000,0,True,cpu,not_normal,no_batch_norm_net,2,0
2,2,1,1.2635988942347467,0.9932,29.295498847961426,99.48201203346252,0.01,1000,0,True,cpu,not_normal,batch_norm_net,2,0
3,2,2,0.9229628168977797,0.9950166666666667,28.016947269439697,127.98780608177185,0.01,1000,0,True,cpu,not_normal,batch_norm_net,2,0
4,3,1,2.454989234916866,0.9918333333333333,33.790268898010254,98.90829730033875,0.01,1000,0,True,cpu,normal,no_batch_norm_net,2,0
5,3,2,0.7443533469922841,0.9963,31.78704309463501,131.15664672851562,0.01,1000,0,True,cpu,normal,no_batch_norm_net,2,0
6,4,1,1.0778308622539043,0.9941833333333333,32.4420223236084,96.84121799468994,0.01,1000,0,True,cpu,normal,batch_norm_net,2,0
7,4,2,0.7639666059985757,0.9957666666666667,33.01605725288391,130.1832926273346,0.01,1000,0,True,cpu,normal,batch_norm_net,2,0
